bytes,sbytes,dbytes,pkts,spkts,dpkts,dur,rate,srate,drate,mean,stddev,min,max,sum,proto_tcp,proto_udp,proto_arp,dport,seq,file,label
8400.0,8400.0,0,24,24,0,7.155527830123901,3.354050262925807,3.354050262925807,0,350.0,364.09458876124125,98.0,864.0,8400.0,0,1,0,3702,0,benign_ping_network.pcap,0
358828.0,358828.0,0,5295,5295,0,7.924479007720947,668.1827278286681,668.1827278286681,0,67.76732766761096,32.79609056609971,54.0,864.0,358828.0,1,1,0,41013,0,mal_conn_network.pcap,1
20792.0,20792.0,0,227,227,0,5.825924873352051,38.96377054882815,38.96377054882815,0,91.59471365638767,148.6915604495496,54.0,864.0,20792.0,1,1,0,53,0,mal_scan_network.pcap,1
20435.0,20435.0,0,113,113,0,6.400270462036133,17.655503883823535,17.655503883823535,0,180.84070796460176,277.96873431491747,54.0,918.0,20435.0,1,1,0,53,0,benign_web_network.pcap,0
6832.0,6832.0,0,8,8,0,0.9140069484710693,8.752668689644235,8.752668689644235,0,854.0,10.690449676496975,844.0,864.0,6832.0,0,1,0,3702,0,benign_nginx_network.pcap,0
354432.0,354432.0,0,2700,2700,0,7.935603380203247,340.23877840664557,340.23877840664557,0,131.2711111111111,214.03516204487786,54.0,925.0,354432.0,1,1,0,58898,0,mal_flood_network.pcap,1
